Name,ProductName,Category,TotalAmount,SaleDate
Joan Chen,Desk Lamp Lite,Home,259.6500,2026-02-27
Nicolas Brown,Samsung Galaxy S24 Standard,Electronics,1151.3400,2025-10-18
Pamela Gregory,Scented Candle Pro,Home,56.0268,2026-06-15
Aaron Thompson,Men Slim Fit Shirt Pro,Clothing,68.3400,2026-05-04
Lisa Houston,Dell XPS Lite,Electronics,4478.3125,2025-09-03
Bryce Cook,Running Shoes Max,Clothing,183.7800,2025-12-20
Jonathan Hester,Running Shoes Max,Clothing,235.2384,2026-01-26
John Gibbs,Google Pixel 8 Lite,Electronics,3154.6800,2026-06-03
Elijah Thomas,Dell XPS Lite,Electronics,2086.1000,2026-05-10
Kylie Wong,Men Leather Jacket Lite,Clothing,112.3800,2026-01-06
Carl Medina,Google Pixel 8 Ultra,Electronics,3539.9000,2026-03-29
Benjamin Williams MD,Blender Ultra,Home,126.0500,2026-03-08
April White,Bookshelf Premium,Home,1015.9775,2026-05-20
Lee Mayer,Bluetooth Speaker Plus,Electronics,72.5000,2026-06-10
Katherine Johnson,iPhone 15 Max,Electronics,3434.6700,2025-10-19
Dawn Weeks,Summer Dress Pro,Clothing,263.7200,2025-10-02
Christopher Thompson,Lenovo IdeaPad Plus,Electronics,3307.8800,2026-05-27
Theresa Strickland,Dell XPS Elite,Electronics,2989.0500,2025-10-19
Kristin Wiggins,Summer Dress Lite,Clothing,41.3100,2026-04-21
William Soto,Samsung Galaxy S24 Plus,Electronics,1218.3408,2025-10-04
Katherine Johnson,Dell XPS Lite,Electronics,3401.2500,2025-08-22
Charles Lee,Bookshelf Pro,Home,400.7448,2026-05-25
Carl Medina,Mechanical Keyboard Pro,Electronics,96.0800,2026-01-15
Benjamin Williams MD,Summer Dress Pro,Clothing,131.8600,2025-12-28
Alisha Williams,Men Leather Jacket Pro,Clothing,119.4750,2026-04-16
Heidi Frye,Men Leather Jacket Pro,Clothing,73.7500,2026-05-05
Carrie Ferguson,Mechanical Keyboard Lite,Electronics,144.8000,2026-04-28
Troy Beard,USB-C Cable Elite,Electronics,81.2500,2026-04-03
Jason Evans,Men Slim Fit Shirt Lite,Clothing,100.3040,2026-06-15
Brittany Vega,Men Denim Jeans Max,Clothing,38.6152,2025-09-11
Joan Chen,Blender Ultra,Home,42.8570,2026-01-24
Joel Hansen,Blender Max,Home,309.2000,2026-06-09
Ryan Conrad,Wireless Mouse Elite,Electronics,70.6800,2026-05-12
David Marshall,iPhone 15 Elite,Electronics,2267.0800,2026-06-01
Amanda Young,Leather Boots Premium,Clothing,38.8518,2026-06-10
Blake Alvarado,Men Leather Jacket Pro,Clothing,209.4500,2026-05-27
Joshua Smith,Men Slim Fit Shirt Plus,Clothing,103.0200,2025-10-02
Samantha Orozco,Bookshelf Premium,Home,651.3390,2026-04-14
Tiffany Yates,Men Slim Fit Shirt Lite,Clothing,50.7789,2026-02-13
Jason Evans,Bluetooth Speaker Pro,Electronics,233.3580,2026-05-06
Holly Thompson,Men Leather Jacket Pro,Clothing,331.8750,2026-04-28
April White,Bluetooth Speaker Standard,Electronics,122.3400,2026-06-07
William Wall,MacBook Air Plus,Electronics,7215.3000,2025-09-19
Adam Molina,Mechanical Keyboard Premium,Electronics,95.9000,2025-10-14
William White,MacBook Air Plus,Electronics,1443.0600,2026-05-30
Justin Wood,Lenovo IdeaPad Plus,Electronics,3307.8800,2026-05-29
Daniel Hall,Running Shoes Standard,Clothing,49.8846,2026-05-31
Maria Sellers,Men Leather Jacket Max,Clothing,14.8068,2025-10-07
Michael Leonard,Wall Clock Plus,Home,26.0700,2025-11-25
Randy Brown,Bluetooth Speaker Pro,Electronics,61.4100,2026-06-11
Joshua Smith,USB-C Cable Max,Electronics,139.9400,2025-12-11
Zoe Hayes,Samsung Galaxy S24 Premium,Electronics,2285.7600,2025-08-04
Robert Chen,White Sneakers Lite,Clothing,135.3200,2026-03-30
Jenna Fisher,Men Leather Jacket Lite,Clothing,149.8400,2025-10-02
James Davis,Wall Clock Standard,Home,151.3575,2026-04-30
Brandon Paul,Leather Boots Premium,Clothing,149.4300,2026-05-02
Holly Thompson,Men Slim Fit Shirt Premium,Clothing,148.2000,2026-05-13
David Sanchez,Air Fryer Standard,Home,1084.1000,2026-02-28
David Johnson,Men Denim Jeans Elite,Clothing,178.3328,2026-06-04
Jenna Fisher,Men Leather Jacket Pro,Clothing,147.5000,2026-04-18
Thomas Brown,Summer Dress Ultra,Clothing,276.3200,2026-05-28
James Velez,Wireless Mouse Premium,Electronics,101.6100,2026-03-14
Charles Holmes,USB-C Cable Max,Electronics,279.8800,2026-06-16
Kevin Castaneda,Men Leather Jacket Max,Clothing,73.1200,2026-05-23
Robert Thomas,Coffee Maker Pro,Home,343.4000,2025-11-27
David Sanchez,White Sneakers Max,Clothing,253.4800,2025-12-07
Christine Wright,Air Fryer Plus,Home,95.7768,2026-06-16
Mary Hernandez DDS,USB-C Cable Ultra,Electronics,12.5900,2026-05-18
Stephanie Parsons,Bookshelf Pro,Home,667.9080,2026-04-30
Miguel Marquez,Google Pixel 8 Max,Electronics,2568.8800,2025-09-20
Deborah Garza,Wireless Mouse Standard,Electronics,77.5656,2026-04-13
Mary Hernandez DDS,MacBook Air Plus,Electronics,2337.7572,2026-05-23
Brandon Paul,Mechanical Keyboard Pro,Electronics,96.0800,2026-04-28
Caroline Abbott,White Sneakers Max,Clothing,60.2015,2026-04-23
Nicole Ibarra,Scented Candle Pro,Home,207.0864,2026-04-25
Becky Russo,Air Fryer Plus,Home,456.0800,2026-05-26
Sheila Young,Leather Boots Plus,Clothing,76.4700,2026-01-28
Jack Torres,Coffee Maker Lite,Home,310.5360,2025-11-03
Deborah Cruz,Office Chair Lite,Home,804.3200,2026-06-01
Ann Collins,Men Denim Jeans Plus,Clothing,18.7700,2026-06-14
Christopher Thompson,Bluetooth Speaker Premium,Electronics,146.6292,2025-11-18
James Moore DDS,Bookshelf Pro,Home,556.5900,2025-10-09
Ryan Conrad,USB-C Cable Max,Electronics,349.8500,2026-03-21
Spencer Wade,Electric Kettle Plus,Home,73.5832,2026-05-25
Chelsea Shepherd,Wireless Mouse Plus,Electronics,164.9400,2026-04-30
Sarah Clarke,Wireless Mouse Elite,Electronics,94.2400,2026-06-06
Jason Evans,USB-C Cable Elite,Electronics,65.0000,2026-05-04
Adam Molina,Bookshelf Premium,Home,835.0500,2026-04-05
James Moore DDS,Mechanical Keyboard Ultra,Electronics,130.7400,2025-12-14
Amanda Clark MD,Samsung Galaxy S24 Standard,Electronics,2446.5975,2025-11-03
Stephanie Webb,Women Cotton T-Shirt Plus,Clothing,73.1200,2026-01-14
Blake Alvarado,Study Desk Max,Home,419.6200,2026-05-18
Dustin Johnson,Desk Lamp Ultra,Home,72.4200,2026-05-13
Holly Ayala,Mechanical Keyboard Lite,Electronics,36.2000,2026-06-14
Amanda Williams,Summer Dress Lite,Clothing,27.5400,2025-12-12
Debra Dixon,Blender Max,Home,275.1880,2025-10-08
Kristin Moody,Leather Boots Pro,Clothing,137.1500,2026-03-26
Debbie Walker,Men Leather Jacket Ultra,Clothing,31.2387,2026-06-15
Katherine Miller,Electric Kettle Standard,Home,93.2148,2026-03-11
Samantha Orozco,Bookshelf Plus,Home,637.8208,2026-05-03
Erin Vargas,iPhone 15 Standard,Electronics,4208.9432,2025-07-26
Alisha Williams,Dell XPS Ultra,Electronics,2499.0980,2026-05-25
Jenna Fisher,Mechanical Keyboard Ultra,Electronics,123.7672,2026-03-16
Ann Collins,Men Denim Jeans Max,Clothing,82.1600,2026-06-11
Krista Smith,Coffee Maker Premium,Home,243.2200,2026-05-09
Donna Williamson,MacBook Air Plus,Electronics,2857.2588,2026-05-12
Alisha Williams,Leather Boots Pro,Clothing,82.2900,2026-04-25
David Barnett,White Sneakers Lite,Clothing,119.4000,2026-05-04
Kevin Castaneda,Desk Lamp Lite,Home,47.7756,2026-05-19
Pamela Gregory,USB-C Cable Max,Electronics,139.9400,2026-06-09
Edward Baker,Bluetooth Speaker Standard,Electronics,143.5456,2025-12-04
Lee Mayer,Desk Lamp Ultra,Home,72.4200,2026-05-07
Donald Smith,Men Leather Jacket Lite,Clothing,63.6820,2026-06-15
Ashley Johnson,Samsung Galaxy S24 Premium,Electronics,761.9200,2026-03-21
Jeffrey Steele,Men Denim Jeans Elite,Clothing,145.3800,2026-03-24
Rhonda Shaffer,Office Chair Ultra,Home,512.6008,2026-04-30
Bryce Cook,Study Desk Max,Home,419.6200,2026-05-18
Eric Shelton,Scented Candle Premium,Home,56.4880,2026-06-04
Deborah Garza,Women Denim Jeans Max,Clothing,190.3500,2026-05-18
Michelle Garrett,Samsung Galaxy S24 Plus,Electronics,4172.4000,2026-05-23
Katie Shepard,Air Fryer Elite,Home,1072.3020,2025-10-09
James Davis,Leather Boots Plus,Clothing,101.9600,2026-03-15
Krista Smith,Desk Lamp Max,Home,179.9070,2026-05-14
Sarah Bennett,Wall Clock Plus,Home,47.9688,2026-04-15
Jasmine Garcia,Lenovo IdeaPad Standard,Electronics,1975.6548,2026-05-07
Patricia Jackson,Study Desk Elite,Home,519.8000,2026-06-10
Kelly Miller,iPhone 15 Max,Electronics,824.3208,2026-03-22
Nathan Harper,Wall Clock Standard,Home,92.2250,2026-05-06
Jerome Morales,iPhone 15 Max,Electronics,1076.1966,2026-02-11
Courtney Henry,Lenovo IdeaPad Plus,Electronics,826.9700,2025-12-05
Tammy Crane,Coffee Maker Premium,Home,243.2200,2026-02-17
Dr. Steven Wang Jr.,Dell XPS Elite,Electronics,4981.7500,2025-10-03
William White,Wireless Mouse Standard,Electronics,122.8920,2026-02-14
Robert Chen,iPhone 15 Elite,Electronics,2550.4650,2026-01-12
Emily Good,Lenovo IdeaPad Max,Electronics,757.2700,2026-02-01
Jenna Fisher,Desk Lamp Ultra,Home,74.3512,2025-11-14
Kelly Boyer,Leather Boots Premium,Clothing,99.6200,2026-06-16
Donald Harper,Summer Dress Pro,Clothing,197.7900,2026-06-16
Richard Moon,Men Slim Fit Shirt Plus,Clothing,111.2616,2026-06-16
Troy Beard,Air Fryer Elite,Home,765.9300,2026-05-16
Jack Torres,Wall Clock Plus,Home,79.2528,2025-12-29
Troy Beard,MacBook Air Lite,Electronics,1756.9944,2026-04-27
Erin Joseph,Blender Elite,Home,66.3600,2026-06-06
Jennifer Johnson,Samsung Galaxy S24 Premium,Electronics,3047.6800,2026-01-06
Jeffrey Morris,Bluetooth Speaker Premium,Electronics,103.2600,2026-05-23
Deborah Collins,White Sneakers Lite,Clothing,66.8640,2026-01-04
David Alexander,Men Denim Jeans Standard,Clothing,296.8000,2026-04-04
Aaron Thompson,Wall Clock Elite,Home,337.0950,2026-06-11
Heidi Frye,White Sneakers Ultra,Clothing,53.5734,2026-04-15
Natalie Bennett,Men Slim Fit Shirt Premium,Clothing,296.4000,2025-12-21
Courtney Henry,Blender Elite,Home,33.1800,2026-02-06
Melissa Moore,Men Leather Jacket Pro,Clothing,73.7500,2026-03-21
Mallory Bell,Dell XPS Elite,Electronics,996.3500,2026-05-28
Jamie Nelson,Women Denim Jeans Max,Clothing,190.3500,2026-04-26
Melissa Moore,Running Shoes Elite,Clothing,78.6400,2025-10-08
John Long,Air Fryer Plus,Home,207.5164,2025-11-02
Tyler Carlson,Men Leather Jacket Ultra,Clothing,73.5621,2026-03-08
Stephen Phillips,Men Denim Jeans Elite,Clothing,242.3000,2026-03-04
Justin Wood,Men Slim Fit Shirt Plus,Clothing,185.4360,2026-05-16
Mallory Bell,Men Denim Jeans Elite,Clothing,48.4600,2026-05-25
Lisa Mason,Wall Clock Standard,Home,54.2500,2026-01-24
George Reed,Bluetooth Speaker Pro,Electronics,122.8200,2026-05-20
John Smith,Bluetooth Speaker Pro,Electronics,245.6400,2025-08-13
Antonio Tate,Office Chair Ultra,Home,136.3300,2026-05-12
Samantha Orozco,MacBook Air Premium,Electronics,3629.2000,2026-05-18
Holly Ayala,USB-C Cable Elite,Electronics,32.5000,2026-05-13
James Davis,Mechanical Keyboard Lite,Electronics,181.0000,2026-02-05
Rhonda Shaffer,Wall Clock Standard,Home,188.7900,2025-10-21
Deborah Garza,Bookshelf Plus,Home,861.9200,2026-06-08
Eric Shelton,Air Fryer Elite,Home,255.3100,2026-01-01
Tanya Kelley,Dell XPS Max,Electronics,990.8129,2026-04-23
Charles Thompson,USB-C Cable Ultra,Electronics,25.1800,2026-03-02
Aaron Thompson,Dell XPS Lite,Electronics,4535.0000,2026-05-30
Michelle Brooks,Wall Clock Elite,Home,204.3000,2026-05-15
Connor Woodward,Air Fryer Standard,Home,338.2392,2026-02-13
Sarah Brewer,iPhone 15 Ultra,Electronics,3035.0502,2026-03-25
Ann Collins,Study Desk Elite,Home,519.8000,2026-06-11
Matthew Schneider,Coffee Maker Pro,Home,487.6280,2026-04-12
Kathleen Smith,Running Shoes Elite,Clothing,19.6600,2026-02-21
Brittany Vega,Bluetooth Speaker Premium,Electronics,41.8203,2026-01-19
Daniel Hall,MacBook Air Lite,Electronics,3711.9600,2025-09-16
Samantha Orozco,Bluetooth Speaker Pro,Electronics,245.6400,2026-03-06
Julie Lewis,Men Denim Jeans Plus,Clothing,37.5400,2026-06-15
Robert Thomas,Coffee Maker Premium,Home,608.0500,2025-11-13
Stephanie Garza,MacBook Air Premium,Electronics,3629.2000,2026-02-01
Amanda Clark MD,Mechanical Keyboard Lite,Electronics,177.3800,2025-12-30
April Quinn,Men Slim Fit Shirt Pro,Clothing,190.6686,2025-12-01
Holly Ayala,iPhone 15 Max,Electronics,2289.7800,2026-06-12
James Velez,Study Desk Elite,Home,415.8400,2026-05-10
April Quinn,Men Slim Fit Shirt Plus,Clothing,51.5100,2026-02-19
Nancy Jenkins,MacBook Air Lite,Electronics,4107.9024,2025-10-26
Matthew Wilson,Air Fryer Plus,Home,114.0200,2026-05-04
Ronnie Ward,Men Leather Jacket Ultra,Clothing,57.1030,2026-04-23
Joseph Mathis,Wireless Mouse Elite,Electronics,47.1200,2025-11-17
Brandon Paul,MacBook Air Premium,Electronics,1687.5780,2026-05-03
Ms. Amy Manning,MacBook Air Lite,Electronics,5320.4760,2026-05-07
Elizabeth Simpson,Bookshelf Pro,Home,356.2176,2026-02-27
James Moore DDS,Wall Clock Elite,Home,68.1000,2026-02-21
Ann Collins,Samsung Galaxy S24 Pro,Electronics,1041.3148,2026-06-10
Travis Kennedy,Running Shoes Max,Clothing,122.5200,2025-12-09
Debbie Walker,Google Pixel 8 Lite,Electronics,2366.0100,2026-06-11
Samantha Orozco,Samsung Galaxy S24 Pro,Electronics,3295.3000,2026-05-13
Zoe Hayes,Running Shoes Standard,Clothing,117.1000,2025-07-11
Ryan Harmon,Dell XPS Max,Electronics,4426.4888,2026-04-29
Jasmine Garcia,Men Leather Jacket Max,Clothing,73.1200,2025-08-26
Diana Brown,Women Cotton T-Shirt Premium,Clothing,36.0200,2026-05-19
Betty Campbell,Leather Boots Plus,Clothing,50.9800,2025-11-19
Mason Mathews,Men Slim Fit Shirt Premium,Clothing,128.9340,2026-05-26
David Marshall,Men Denim Jeans Plus,Clothing,66.6335,2026-05-21
Benjamin Williams MD,White Sneakers Lite,Clothing,79.6000,2026-05-09
Mallory Bell,Study Desk Max,Home,776.2970,2026-05-26
Larry Vazquez,Blender Max,Home,178.0992,2026-05-18
Laurie Glenn,Bookshelf Plus,Home,196.0868,2026-05-15
Jacqueline Fisher,Study Desk Max,Home,174.1423,2026-05-05
Rebecca Higgins,Summer Dress Lite,Clothing,30.9825,2026-06-01
Mrs. Carmen Ramirez DVM,Samsung Galaxy S24 Plus,Electronics,2102.8896,2026-02-11
Kelly Fowler,Men Leather Jacket Lite,Clothing,74.9200,2026-06-09
Patricia Jackson,White Sneakers Max,Clothing,253.4800,2026-06-15
John Smith,Leather Boots Premium,Clothing,38.3537,2026-03-21
Brian Blake,Mechanical Keyboard Premium,Electronics,19.1800,2026-05-23
Pamela Gregory,Men Denim Jeans Plus,Clothing,56.3100,2026-06-11
Kimberly Garcia,White Sneakers Max,Clothing,316.8500,2025-12-04
Blake Alvarado,Air Fryer Standard,Home,190.8016,2026-04-21
Nicolas Brown,Office Chair Pro,Home,639.7200,2026-05-02
Tammy Moss,MacBook Air Premium,Electronics,3629.2000,2026-03-31
Chelsea Shepherd,Google Pixel 8 Max,Electronics,2568.8800,2025-12-18
Victoria Torres,Running Shoes Max,Clothing,45.9450,2026-02-15
David Alexander,MacBook Air Premium,Electronics,3266.2800,2026-04-07
Brittany Vega,Blender Max,Home,247.3600,2025-10-14
Krista Smith,Women Denim Jeans Elite,Clothing,97.7476,2026-04-18
Jerome Morales,Leather Boots Pro,Clothing,137.1500,2026-05-26
Erin Joseph,Bluetooth Speaker Plus,Electronics,145.0000,2026-06-14
Melinda Gonzalez,Women Denim Jeans Ultra,Clothing,176.3700,2026-06-16
Amanda Clark MD,Leather Boots Plus,Clothing,50.9800,2026-03-26
Deborah Collins,iPhone 15 Elite,Electronics,4534.1600,2025-10-14
April Quinn,MacBook Air Plus,Electronics,2886.1200,2026-03-17
Katie Shepard,Blender Elite,Home,66.3600,2026-01-08
Beth Gomez,Bookshelf Plus,Home,1077.4000,2026-01-14
Stephanie Garza,iPhone 15 Elite,Electronics,4534.1600,2025-11-18
Christine Wright,Blender Max,Home,185.5200,2026-06-16
Elijah Thomas,White Sneakers Max,Clothing,253.4800,2026-06-06
Amanda Young,Summer Dress Lite,Clothing,13.7700,2026-05-04
Rebecca Stokes,Study Desk Max,Home,1049.0500,2026-04-23
Joshua Logan,MacBook Air Lite,Electronics,3711.9600,2026-06-02
George Smith,Desk Lamp Max,Home,46.1300,2026-03-15
Jonathan Hester,Men Slim Fit Shirt Plus,Clothing,177.1944,2026-05-21
Nicholas Guerra,White Sneakers Lite,Clothing,119.4000,2026-04-13
Aaron Hall,Blender Elite,Home,99.5400,2026-06-03
Emily Good,Bluetooth Speaker Premium,Electronics,154.8900,2026-05-17
Seth Hutchinson,Men Slim Fit Shirt Plus,Clothing,51.5100,2025-10-23
Dawn Weeks,Running Shoes Standard,Clothing,21.0780,2025-11-06
Christine Wright,Google Pixel 8 Pro,Electronics,756.9000,2026-06-13
Patrick Cain,Men Leather Jacket Max,Clothing,54.8400,2025-11-30
Crystal Wallace,Summer Dress Ultra,Clothing,69.0800,2026-03-15
Randy Brown,Men Leather Jacket Max,Clothing,91.4000,2026-06-13
Hector Parsons,Wireless Mouse Premium,Electronics,33.8700,2026-06-16
Sarah Smith,iPhone 15 Elite,Electronics,4352.7936,2026-04-23
Krista Smith,White Sneakers Lite,Clothing,79.6000,2026-01-07
Mrs. Selena Williams,Men Denim Jeans Elite,Clothing,35.8604,2026-01-26
Julie Lewis,Samsung Galaxy S24 Standard,Electronics,2302.6800,2026-03-31
David Sanchez,Study Desk Elite,Home,207.9200,2026-06-13
Andrew Graham,Lenovo IdeaPad Max,Electronics,3786.3500,2026-01-17
Jonathan Hester,Blender Ultra,Home,50.4200,2025-11-14
Joel Hansen,Electric Kettle Premium,Home,258.0500,2026-05-24
Jason White,USB-C Cable Standard,Electronics,269.7630,2026-06-12
Nathan Harper,Bluetooth Speaker Standard,Electronics,141.9144,2026-04-03
Gary Jones,Mechanical Keyboard Ultra,Electronics,43.5800,2026-03-11
Jason Evans,Coffee Maker Pro,Home,515.1000,2026-06-15
Stephen Phillips,MacBook Air Lite,Electronics,2474.6400,2026-05-27
Joy Lopez,Dell XPS Max,Electronics,3011.0418,2026-05-01
Amanda Clark MD,Running Shoes Elite,Clothing,48.9534,2026-06-07
Daniel Hall,Leather Boots Plus,Clothing,127.4500,2025-12-02
James Johnson,Mechanical Keyboard Lite,Electronics,148.4200,2025-12-05
Donald Smith,Wall Clock Standard,Home,117.1800,2026-05-30
Anthony Whitaker,Leather Boots Premium,Clothing,149.4300,2026-04-18
Donald Smith,Air Fryer Standard,Home,210.3154,2026-06-07
Ann Collins,Mechanical Keyboard Ultra,Electronics,43.5800,2026-06-16
Victoria Hunt,Men Slim Fit Shirt Lite,Clothing,250.7600,2025-11-06
George Reed,iPhone 15 Ultra,Electronics,2911.1706,2026-06-08
Jonathan Stone,Google Pixel 8 Max,Electronics,2440.4360,2025-12-09
Randy Brown,Study Desk Max,Home,419.6200,2026-05-28
James Velez,Dell XPS Max,Electronics,926.4744,2025-09-25
Edward Parker,USB-C Cable Max,Electronics,243.4956,2026-05-11
Ronnie Ward,Men Slim Fit Shirt Premium,Clothing,370.5000,2026-01-21
Connor Woodward,Men Denim Jeans Max,Clothing,59.1552,2026-03-08
Mrs. Sophia Meyer,Summer Dress Lite,Clothing,13.7700,2025-12-18
David Sanchez,Lenovo IdeaPad Elite,Electronics,1934.1900,2026-03-14
George Smith,Men Leather Jacket Max,Clothing,73.1200,2026-05-18
Anthony Whitaker,Coffee Maker Pro,Home,396.6270,2026-06-03
Patricia Jackson,Electric Kettle Standard,Home,103.2021,2026-06-13
Ebony Holt,Coffee Maker Pro,Home,515.1000,2026-05-30
Troy Beard,Scented Candle Premium,Home,50.8392,2026-06-16
Katherine Miller,Dell XPS Lite,Electronics,1133.7500,2026-05-26
Thomas Brown,Bluetooth Speaker Pro,Electronics,184.2300,2026-06-04
Katherine Sanchez,Desk Lamp Ultra,Home,120.7000,2026-04-27
Mrs. Selena Williams,Men Leather Jacket Lite,Clothing,74.9200,2025-10-18
David Marshall,Desk Lamp Lite,Home,51.9300,2026-06-05
Kristin Wiggins,Men Leather Jacket Ultra,Clothing,67.1800,2026-05-20
William Wall,Scented Candle Lite,Home,120.3900,2026-03-25
Tanya Kelley,Men Denim Jeans Max,Clothing,82.1600,2026-04-16
Dominic Elliott,Dell XPS Lite,Electronics,5668.7500,2026-05-11
Troy Beard,Bluetooth Speaker Standard,Electronics,122.3400,2026-02-23
Dustin Johnson,White Sneakers Ultra,Clothing,138.8940,2026-04-11
William Wall,Office Chair Pro,Home,319.8600,2026-01-03
Michael Mckee,Google Pixel 8 Pro,Electronics,3784.5000,2026-06-16
Michael Mckee,Wall Clock Standard,Home,217.0000,2026-06-06
Tamara Rose,Desk Lamp Lite,Home,135.5373,2026-06-13
Laurie Reid,Men Denim Jeans Plus,Clothing,17.8315,2026-04-01
John Hodges,USB-C Cable Elite,Electronics,35.1000,2026-04-04
Carrie Ferguson,Summer Dress Ultra,Clothing,138.1600,2026-05-27
David Marshall,Samsung Galaxy S24 Plus,Electronics,1435.3056,2026-05-23
Joy Lopez,Samsung Galaxy S24 Pro,Electronics,2636.2400,2026-03-20
Matthew Edwards,Running Shoes Standard,Clothing,17.0966,2025-12-12
Nicolas Brown,Dell XPS Max,Electronics,5147.0800,2026-01-07
Tiffany Knight,Men Denim Jeans Standard,Clothing,178.0800,2026-05-12
Heidi Frye,Google Pixel 8 Max,Electronics,3211.1000,2026-04-10
Maria Sellers,USB-C Cable Ultra,Electronics,20.8994,2026-01-25
Elizabeth Simpson,Dell XPS Lite,Electronics,2267.5000,2026-05-25
Mary Hernandez DDS,Lenovo IdeaPad Plus,Electronics,2034.3462,2026-04-29
John Hodges,iPhone 15 Elite,Electronics,2822.5146,2026-03-09
Blake Alvarado,Men Denim Jeans Max,Clothing,20.5400,2026-06-15
Karen Stanton,Wireless Mouse Elite,Electronics,117.8000,2026-05-25
Kelly Miller,Wall Clock Standard,Home,54.2500,2026-04-19
Zoe Hayes,Desk Lamp Ultra,Home,72.4200,2026-04-19
Stephen Phillips,MacBook Air Pro,Electronics,2241.6800,2026-05-29
Kelly Boyer,Men Slim Fit Shirt Pro,Clothing,129.8460,2026-06-15
Matthew Schneider,Men Leather Jacket Ultra,Clothing,134.3600,2026-05-14
Tammy Jordan,Running Shoes Elite,Clothing,58.9800,2026-05-22
Kelly Miller,Wall Clock Standard,Home,108.5000,2026-05-05
Jasmine Garcia,Coffee Maker Lite,Home,306.4500,2026-04-15
Edward Parker,iPhone 15 Max,Electronics,2289.7800,2026-05-14
Jordan Jones,MacBook Air Plus,Electronics,6998.8410,2026-04-09
Amanda Young,Office Chair Pro,Home,799.6500,2026-03-08
Cristina Spears,Wall Clock Standard,Home,271.2500,2026-02-27
Nancy Lester,Office Chair Ultra,Home,408.9900,2025-09-09
Carl Medina,Air Fryer Plus,Home,91.2160,2026-03-16
Joy Lopez,Study Desk Standard,Home,644.0896,2026-04-19
Kimberly Garcia,Blender Max,Home,205.3088,2026-06-13
Courtney Henry,Men Leather Jacket Pro,Clothing,221.2500,2026-05-19
Alisha Williams,Men Denim Jeans Max,Clothing,41.0800,2026-06-12
Valerie Salinas,Electric Kettle Standard,Home,184.9500,2026-05-15
Connor Woodward,Samsung Galaxy S24 Pro,Electronics,2471.4750,2026-06-07
Jack Torres,Air Fryer Elite,Home,1021.2400,2026-01-21
Denise Walker,Men Leather Jacket Ultra,Clothing,33.5900,2026-06-02
Edward Baker,Desk Lamp Max,Home,184.5200,2026-01-05
Elizabeth Simpson,Wireless Mouse Premium,Electronics,67.7400,2026-03-24
Dr. Steven Wang Jr.,iPhone 15 Elite,Electronics,2267.0800,2026-01-09
Sarah Reynolds,iPhone 15 Max,Electronics,1144.8900,2026-05-12
Dustin Johnson,Women Cotton T-Shirt Plus,Clothing,54.8400,2026-05-06
Julie Lewis,Lenovo IdeaPad Elite,Electronics,2321.0280,2026-05-06
Diana Brown,Wireless Mouse Elite,Electronics,70.6800,2026-05-04
Joshua Logan,White Sneakers Lite,Clothing,119.4000,2026-03-21
Joshua Perkins,Mechanical Keyboard Ultra,Electronics,109.8216,2026-05-14
Tiffany Yates,Blender Max,Home,185.5200,2026-01-02
Elizabeth Mercado,Desk Lamp Max,Home,134.2383,2026-06-09
Jack Torres,Bookshelf Pro,Home,927.6500,2025-10-25
Sarah Smith,Bluetooth Speaker Premium,Electronics,258.1500,2026-06-02
Jason White,Mechanical Keyboard Ultra,Electronics,215.7210,2026-05-02
Tamara Rose,Samsung Galaxy S24 Pro,Electronics,1239.0328,2026-05-13
Jeffrey Morris,iPhone 15 Elite,Electronics,4126.0856,2026-05-30
Ebony Holt,Men Denim Jeans Elite,Clothing,145.3800,2026-06-09
Bryce Cook,Blender Elite,Home,165.9000,2026-05-19
William Soto,MacBook Air Premium,Electronics,3302.5720,2025-12-30
Craig Russell,Samsung Galaxy S24 Standard,Electronics,575.6700,2026-01-21
James Velez,Wall Clock Plus,Home,37.5408,2026-05-29
Holly Thompson,Leather Boots Plus,Clothing,21.4116,2026-04-28
Laurie Reid,Study Desk Standard,Home,259.8316,2025-12-30
Nancy Lester,White Sneakers Lite,Clothing,31.0440,2026-04-21
Larry Vazquez,Electric Kettle Premium,Home,258.0500,2026-06-08
Derek Pena,Electric Kettle Standard,Home,73.9800,2026-05-04
Jason Evans,MacBook Air Pro,Electronics,4427.3180,2026-05-09
Amy Powell,Electric Kettle Standard,Home,36.9900,2026-04-13
Elizabeth Simpson,iPhone 15 Standard,Electronics,983.9088,2026-05-07
Matthew Sharp,Men Denim Jeans Max,Clothing,102.7000,2026-06-16
Ryan Harmon,Bookshelf Plus,Home,562.4028,2025-12-13
April Parsons,Wireless Mouse Elite,Electronics,45.7064,2026-06-05
Troy Beard,Leather Boots Pro,Clothing,48.2768,2026-04-25
Sara Espinoza,Air Fryer Elite,Home,765.9300,2026-04-28
Donald Harper,Mechanical Keyboard Lite,Electronics,36.2000,2026-06-12
Adam Molina,Samsung Galaxy S24 Premium,Electronics,1249.5488,2026-02-04
Charles Holmes,Dell XPS Ultra,Electronics,5100.2000,2025-12-10
Jennifer Mccarthy,Summer Dress Ultra,Clothing,138.1600,2026-03-19
Gary Jones,Office Chair Lite,Home,201.0800,2025-11-26
Heidi Frye,Samsung Galaxy S24 Pro,Electronics,2471.4750,2026-03-19
Bryce Cook,Samsung Galaxy S24 Plus,Electronics,1668.9600,2026-02-09
Holly Ayala,Lenovo IdeaPad Max,Electronics,757.2700,2026-06-08
Christopher Thompson,Office Chair Pro,Home,639.7200,2026-01-17
Elizabeth Simpson,Men Leather Jacket Pro,Clothing,73.7500,2026-04-16
Christian Elliott,Men Leather Jacket Ultra,Clothing,110.1752,2026-04-08
Tyler Carlson,Leather Boots Premium,Clothing,199.2400,2025-11-13
Larry Vazquez,Men Denim Jeans Plus,Clothing,13.7021,2026-05-23
Stephanie Garza,Google Pixel 8 Pro,Electronics,2270.7000,2025-11-19
Nicholas Guerra,Men Denim Jeans Elite,Clothing,113.3964,2026-03-07
Carl Medina,Wall Clock Elite,Home,136.2000,2026-01-31
Mallory Bell,Summer Dress Ultra,Clothing,59.4088,2026-05-20
Ryan Harmon,Men Leather Jacket Lite,Clothing,57.6884,2026-02-25
Holly Thompson,Men Denim Jeans Elite,Clothing,84.3204,2025-10-16
Joel Hansen,Scented Candle Premium,Home,111.5638,2026-05-27
Jason Smith,Summer Dress Pro,Clothing,329.6500,2026-05-26
Ashley Johnson,Men Denim Jeans Max,Clothing,20.5400,2026-03-23
Brian Blake,Office Chair Ultra,Home,408.9900,2026-05-19
Kelly Boyer,Lenovo IdeaPad Max,Electronics,1514.5400,2026-06-02
Paige Kennedy,Study Desk Max,Home,797.2780,2025-11-01
Kathleen Smith,Air Fryer Elite,Home,362.5402,2026-04-01
Terry Garcia,White Sneakers Max,Clothing,253.4800,2026-01-31
Amanda Young,Office Chair Ultra,Home,272.6600,2026-03-31
Matthew Guzman,Running Shoes Max,Clothing,306.3000,2026-01-13
Kristin Wiggins,Summer Dress Pro,Clothing,63.2928,2026-04-15
Joel Hansen,Bluetooth Speaker Standard,Electronics,153.3328,2026-05-29
Dalton Baldwin,Coffee Maker Lite,Home,306.4500,2026-03-05
Jerome Morales,USB-C Cable Max,Electronics,209.9100,2026-03-03
Caitlin Lowe,Samsung Galaxy S24 Premium,Electronics,1600.0320,2026-06-12
John Smith,Mechanical Keyboard Premium,Electronics,44.3058,2025-12-19
Carol Martin,Coffee Maker Premium,Home,121.6100,2025-09-12
Robert Weeks,Air Fryer Standard,Home,1084.1000,2026-04-07
Amy Powell,Women Denim Jeans Ultra,Clothing,141.0960,2026-01-01
Blake Alvarado,Mechanical Keyboard Premium,Electronics,44.8812,2026-04-17
Christopher Thompson,Electric Kettle Plus,Home,152.9756,2026-02-09
Mark Porter,Leather Boots Premium,Clothing,99.6200,2026-06-12
Jasmine Garcia,MacBook Air Premium,Electronics,3629.2000,2025-09-14
Michelle Brooks,Office Chair Lite,Home,804.3200,2026-03-26
Ms. Amy Manning,Electric Kettle Plus,Home,242.0500,2026-06-04
Debbie Walker,Scented Candle Lite,Home,142.8628,2026-06-12
Matthew Guzman,MacBook Air Premium,Electronics,4536.5000,2026-02-22
Ms. Amy Manning,Google Pixel 8 Ultra,Electronics,2831.9200,2026-05-02
Joan Chen,Women Denim Jeans Max,Clothing,150.3765,2026-06-03
Ms. Amy Manning,Men Denim Jeans Standard,Clothing,237.4400,2026-06-11
Joshua Perkins,iPhone 15 Elite,Electronics,4194.0980,2026-05-22
Brian Blake,MacBook Air Pro,Electronics,3362.5200,2026-05-20
Nathan Elliott,Men Slim Fit Shirt Pro,Clothing,341.7000,2026-05-18
Jamie Nelson,MacBook Air Premium,Electronics,4536.5000,2026-03-14
Anthony Whitaker,Scented Candle Lite,Home,200.6500,2026-02-28
Kelly Miller,Office Chair Pro,Home,799.6500,2026-02-24
Adam Hunter,Office Chair Lite,Home,587.1536,2025-07-20
David Barnett,Women Denim Jeans Max,Clothing,317.2500,2026-05-15
Denise Walker,Wall Clock Elite,Home,262.1850,2026-06-05
Rebecca Hernandez,Women Cotton T-Shirt Plus,Clothing,18.2800,2026-05-21
Sarah Reynolds,Dell XPS Elite,Electronics,2989.0500,2026-04-17
Matthew Guzman,USB-C Cable Standard,Electronics,345.8500,2025-10-16
Deborah Collins,Wall Clock Plus,Home,78.2100,2025-11-09
David Barnett,Office Chair Lite,Home,1005.4000,2026-05-11
Kristin Moody,Men Slim Fit Shirt Pro,Clothing,120.2784,2026-04-30
Chelsea Shepherd,Men Leather Jacket Lite,Clothing,37.4600,2026-04-14
Caitlin Lowe,Electric Kettle Premium,Home,165.1520,2026-06-13
Matthew Guzman,Men Slim Fit Shirt Plus,Clothing,242.0970,2025-11-25
William White,Leather Boots Pro,Clothing,137.1500,2026-04-28
Chelsea Shepherd,Bluetooth Speaker Premium,Electronics,148.6944,2026-02-11
Ryan Francis,Air Fryer Plus,Home,456.0800,2026-02-26
Mason Hayes,Samsung Galaxy S24 Pro,Electronics,2768.0520,2026-04-18
Ebony Holt,Men Denim Jeans Max,Clothing,20.5400,2026-06-12
Holly Ayala,Office Chair Ultra,Home,136.3300,2026-05-24
Maria Gallagher,Summer Dress Ultra,Clothing,276.3200,2025-12-20
Robert Thomas,Bluetooth Speaker Premium,Electronics,51.6300,2026-05-21
Collin Olson,Men Slim Fit Shirt Pro,Clothing,64.2396,2026-02-02
David Barnett,Mechanical Keyboard Ultra,Electronics,130.7400,2026-05-31
Erin Byrd,Scented Candle Lite,Home,80.2600,2026-06-12
Joel Hansen,Women Cotton T-Shirt Plus,Clothing,36.5600,2026-04-28
Kelly Fowler,Google Pixel 8 Max,Electronics,1849.5936,2026-05-11
Dawn Weeks,Running Shoes Max,Clothing,170.9154,2025-11-18
Aaron Hall,Leather Boots Plus,Clothing,127.4500,2026-06-03
Seth Hutchinson,Office Chair Ultra,Home,408.9900,2025-09-26
Laurie Reid,Google Pixel 8 Lite,Electronics,3154.6800,2025-11-22
Jerome Morales,Men Leather Jacket Max,Clothing,36.5600,2026-03-30
Diana Brown,iPhone 15 Elite,Electronics,1768.3224,2026-05-01
David Barnett,Men Leather Jacket Lite,Clothing,74.9200,2026-05-29
Timothy Carroll,Bookshelf Plus,Home,405.1024,2026-05-21
Lisa Clark,Running Shoes Elite,Clothing,98.3000,2026-03-25
Jamie Nelson,Lenovo IdeaPad Plus,Electronics,3307.8800,2025-11-21
Mrs. Selena Williams,Electric Kettle Plus,Home,145.2300,2025-12-26
Seth Hutchinson,Summer Dress Ultra,Clothing,254.2144,2026-03-13
Tyler Carlson,Bluetooth Speaker Plus,Electronics,72.5000,2025-12-11
Valerie Salinas,Men Slim Fit Shirt Premium,Clothing,370.5000,2026-03-03
Martha Wilson,White Sneakers Lite,Clothing,117.0120,2026-06-09
Michael Mckee,Electric Kettle Plus,Home,154.9120,2026-06-05
Kristin Wiggins,MacBook Air Plus,Electronics,2453.2020,2026-04-30
David Johnson,Summer Dress Lite,Clothing,27.5400,2026-06-16
Collin Olson,Lenovo IdeaPad Max,Electronics,2271.8100,2026-01-02
Jerome Morales,MacBook Air Pro,Electronics,4483.3600,2026-05-23
Jonathan Stone,Men Slim Fit Shirt Plus,Clothing,154.5300,2025-11-19
David Sanchez,Bluetooth Speaker Standard,Electronics,69.3260,2026-03-30
Gary Jones,Office Chair Pro,Home,759.6675,2025-12-16
Connor Woodward,Bluetooth Speaker Standard,Electronics,40.7800,2026-05-30
Rebecca Higgins,Desk Lamp Ultra,Home,63.0054,2026-05-15
Erin Byrd,Bluetooth Speaker Premium,Electronics,154.8900,2026-05-01
Donald Smith,White Sneakers Lite,Clothing,79.6000,2026-06-10
Joel Hansen,Bookshelf Pro,Home,185.5300,2026-06-16
Valerie Salinas,Wall Clock Standard,Home,96.5650,2026-03-23
Ryan Harmon,Women Cotton T-Shirt Premium,Clothing,36.0200,2025-11-23
Collin Olson,Google Pixel 8 Lite,Electronics,1530.0198,2026-05-26
Becky Russo,Bluetooth Speaker Plus,Electronics,252.3000,2026-03-08
Jasmine Garcia,Study Desk Elite,Home,103.9600,2026-04-11
Dawn Weeks,Desk Lamp Max,Home,123.1671,2026-05-02
Donald Smith,Air Fryer Plus,Home,456.0800,2026-06-07
Jonathan Stone,Wireless Mouse Plus,Electronics,191.3304,2026-03-24
Kristin Moody,Running Shoes Max,Clothing,183.7800,2026-05-01
Richard Moon,Office Chair Lite,Home,402.1600,2026-03-18
Matthew Wilson,Men Slim Fit Shirt Premium,Clothing,130.4160,2026-06-15
Shane Edwards,Office Chair Lite,Home,434.3328,2026-03-03
Tiffany Knight,Summer Dress Pro,Clothing,93.6206,2025-07-22
April Parsons,Lenovo IdeaPad Max,Electronics,757.2700,2026-06-11
Shawn Curtis,Mechanical Keyboard Premium,Electronics,36.4420,2026-02-11
William White,Blender Ultra,Home,50.4200,2026-05-28
Jenna Fisher,Men Denim Jeans Elite,Clothing,68.8132,2026-05-02
Carol Martin,Samsung Galaxy S24 Plus,Electronics,1251.7200,2026-06-08
Timothy Carroll,White Sneakers Max,Clothing,59.5678,2026-05-27
Kevin Castaneda,Office Chair Lite,Home,402.1600,2026-05-31
Michael Mckee,Study Desk Max,Home,1049.0500,2026-06-06
Charles Thompson,Samsung Galaxy S24 Pro,Electronics,2636.2400,2025-12-01
John Smith,Air Fryer Standard,Home,867.2800,2025-09-11
Alisha Williams,Women Denim Jeans Ultra,Clothing,176.3700,2026-06-16
Benjamin Beasley,Coffee Maker Lite,Home,102.1500,2026-03-20
James Miller PhD,USB-C Cable Elite,Electronics,65.0000,2026-05-11
Samantha Orozco,Wireless Mouse Elite,Electronics,17.6700,2026-05-29
Ashley Johnson,Google Pixel 8 Ultra,Electronics,3539.9000,2026-05-23
Mrs. Carmen Ramirez DVM,Summer Dress Ultra,Clothing,207.2400,2026-06-06
Dustin Johnson,Google Pixel 8 Pro,Electronics,756.9000,2026-03-15
Diana Brown,Bookshelf Pro,Home,131.7263,2026-06-13
Andrew Graham,Office Chair Pro,Home,427.0131,2026-02-12
Timothy Carroll,Men Slim Fit Shirt Premium,Clothing,74.1000,2026-05-14
Kelly Boyer,Men Denim Jeans Standard,Clothing,156.7104,2026-06-07
Erin Joseph,Mechanical Keyboard Lite,Electronics,133.9400,2026-06-09
Christine Wright,Samsung Galaxy S24 Plus,Electronics,2428.3368,2026-06-15
Thomas Brown,Women Denim Jeans Ultra,Clothing,223.4020,2026-05-22
Steven Brown,Air Fryer Plus,Home,166.4692,2026-03-10
Dalton Baldwin,Running Shoes Standard,Clothing,67.4496,2026-01-19
Jacqueline Fisher,Wall Clock Standard,Home,108.5000,2026-05-14
Kathleen Smith,Women Cotton T-Shirt Premium,Clothing,123.9088,2026-01-21
Crystal Wallace,Women Cotton T-Shirt Standard,Clothing,92.3200,2026-03-13
Amanda Williams,Bookshelf Plus,Home,430.9600,2025-08-27
Laurie Reid,Mechanical Keyboard Pro,Electronics,24.0200,2026-03-19
Joshua Smith,Blender Elite,Home,132.7200,2026-04-14
Jeffrey Morris,Bluetooth Speaker Standard,Electronics,81.5600,2026-05-31
Tanya Kelley,Wireless Mouse Elite,Electronics,47.1200,2026-03-24
Brian Blake,Air Fryer Plus,Home,228.0400,2026-06-06
Joel Hansen,Scented Candle Pro,Home,141.8400,2026-05-14
Matthew Edwards,USB-C Cable Elite,Electronics,32.5000,2025-08-22
Kelly Boyer,USB-C Cable Max,Electronics,349.8500,2026-05-31
Melinda Gonzalez,Study Desk Elite,Home,103.9600,2026-06-16
Patricia Jackson,Study Desk Standard,Home,292.7680,2026-06-10
April Collins,Men Leather Jacket Lite,Clothing,37.4600,2026-01-21
Scott Hurst,Bookshelf Premium,Home,1391.7500,2026-05-23
Gail Page,Bluetooth Speaker Standard,Electronics,203.9000,2026-01-13
April White,Men Slim Fit Shirt Pro,Clothing,256.2750,2026-05-27
Aaron Thompson,Men Slim Fit Shirt Premium,Clothing,148.2000,2026-05-09
Patrick Cain,Men Leather Jacket Pro,Clothing,147.5000,2026-02-18
Derek Pena,USB-C Cable Standard,Electronics,293.9725,2026-04-12
Mason Mathews,Wall Clock Plus,Home,52.1400,2025-12-21
Jonathan Hester,Google Pixel 8 Lite,Electronics,1498.4730,2025-10-18
Hector Parsons,Men Slim Fit Shirt Premium,Clothing,270.4650,2026-06-02
Heidi Frye,USB-C Cable Max,Electronics,139.9400,2026-02-13
Robert Chen,MacBook Air Premium,Electronics,4536.5000,2026-01-07
Tiffany Knight,Scented Candle Pro,Home,99.2880,2026-05-12
Amanda Young,USB-C Cable Standard,Electronics,106.5218,2026-04-25
Ashley Evans,Bluetooth Speaker Pro,Electronics,307.0500,2025-11-29
Jason Smith,Samsung Galaxy S24 Standard,Electronics,1727.0100,2026-05-14
Valerie Salinas,Electric Kettle Plus,Home,222.6860,2026-02-15
Matthew Edwards,Men Leather Jacket Ultra,Clothing,167.9500,2025-09-13
Denise Walker,Google Pixel 8 Ultra,Electronics,3504.5010,2026-04-09
Jonathan Stone,Study Desk Standard,Home,786.8140,2025-10-25
Tammy Crane,Wall Clock Elite,Home,204.3000,2026-03-06
Chelsea Shepherd,Blender Elite,Home,33.1800,2026-03-11
Aaron Thompson,Scented Candle Lite,Home,160.5200,2026-06-11
Maria Gallagher,Men Denim Jeans Elite,Clothing,111.9426,2026-03-06
Brittany Vega,Blender Ultra,Home,68.0670,2026-04-30
Dustin Johnson,Women Denim Jeans Elite,Clothing,113.6600,2026-04-09
David Barnett,Men Slim Fit Shirt Premium,Clothing,148.2000,2026-05-24
Ashley Johnson,iPhone 15 Ultra,Electronics,1032.3300,2026-05-02
Tamara Rose,Desk Lamp Max,Home,200.6655,2026-05-19
James Miller PhD,iPhone 15 Max,Electronics,3434.6700,2026-06-13
Duane Tucker,Men Slim Fit Shirt Lite,Clothing,116.6034,2026-04-14
Kenneth Zuniga,Mechanical Keyboard Ultra,Electronics,62.7552,2026-06-16
Pamela Gregory,USB-C Cable Standard,Electronics,345.8500,2026-05-29
Mark Porter,Office Chair Pro,Home,393.4278,2026-06-16
Benjamin Beasley,Wireless Mouse Premium,Electronics,138.8670,2026-04-20
Victoria Torres,Electric Kettle Premium,Home,87.7370,2026-01-21
Jason Evans,Desk Lamp Lite,Home,103.8600,2026-04-09
Joshua Smith,Men Leather Jacket Pro,Clothing,221.2500,2025-11-09
Joseph Acosta,Summer Dress Pro,Clothing,329.6500,2026-01-02
Nancy Lester,Women Cotton T-Shirt Premium,Clothing,72.0400,2025-09-13
Nancy Lester,Women Cotton T-Shirt Standard,Clothing,230.8000,2026-06-02
Terry Singh,Women Cotton T-Shirt Plus,Clothing,14.2584,2026-04-19
Nancy Lester,Bookshelf Premium,Home,1113.4000,2026-05-24
Duane Tucker,Study Desk Elite,Home,415.8400,2025-09-11
Maria Gallagher,Blender Elite,Home,132.7200,2026-01-28
Holly Thompson,Leather Boots Premium,Clothing,179.3160,2026-04-13
Jonathan Hester,iPhone 15 Max,Electronics,3388.8744,2026-01-10
Erin Byrd,Running Shoes Max,Clothing,183.7800,2026-06-16
Christopher Thompson,Men Denim Jeans Elite,Clothing,96.9200,2026-05-31
Adam Hunter,Bookshelf Pro,Home,927.6500,2025-12-01
Diana Brown,Mechanical Keyboard Premium,Electronics,38.3600,2026-05-23
Mark Porter,Bluetooth Speaker Plus,Electronics,208.8000,2026-06-14
Beth Gomez,Wireless Mouse Premium,Electronics,101.6100,2025-09-08
Mason Mathews,Lenovo IdeaPad Plus,Electronics,2108.7735,2026-05-30
Deborah Collins,MacBook Air Pro,Electronics,5604.2000,2025-08-09
Joan Chen,Mechanical Keyboard Pro,Electronics,17.7748,2026-02-19
Lisa Clark,Dell XPS Ultra,Electronics,5100.2000,2026-04-21
Theresa Strickland,Office Chair Pro,Home,479.7900,2025-12-27
Craig Russell,Scented Candle Lite,Home,172.5590,2026-02-09
Jeffrey Steele,Samsung Galaxy S24 Standard,Electronics,575.6700,2026-02-17
Steven Brown,Study Desk Max,Home,478.3668,2026-05-30
